"Site","Year","bc","TAug","Jan.airT.lead","PDSIsa.lead","Landings"
1,1976,0.014066,19.0399995744228,-6.44444444444445,0.238333333333333,0
1,1977,0.000255,18.5799995847046,-3,0.71,0
1,1978,0.000752,19.809999557212,-0.944444444444444,0.6525,0
1,1979,0.095546,18.4999995864928,-1.72222222222222,-0.971666666666667,0
1,1980,0.126163,19.2399995699525,-7.16666666666667,-2.5225,0
1,1981,0.011571,18.5599995851517,-6.05555555555555,0.3725,0
1,1982,0.055433,18.6108061455147,-1.16666666666667,2.3275,0
1,1983,0.083511,19.1103222511535,-3.27777777777778,2.57583333333333,0
1,1984,0.01476,20.0343545503409,-4.94444444444444,-1.035,0
1,1985,0.083145,19.1383868019993,-0.722222222222223,0.474166666666667,0
1,1986,0.091719,19.0740319485017,-2.16666666666667,1.24416666666667,0
1,1987,0.032638,18.9896770798809,-3.5,-0.503333333333333,0
1,1988,0.001563,19.3238706037571,0.222222222222221,-0.0566666666666667,0
1,1989,0.021768,19.1683868343691,1.72222222222222,0.946666666666667,0
1,1990,0.029996,20.3016125962692,-1.66666666666667,-0.5825,0
1,1991,0.047288,19.1148384124439,-1.55555555555556,0.1075,0
1,1992,0.028692,18.1262900052707,-0.722222222222223,0.759166666666667,0
1,1993,0.001438,18.6208061786668,-5.38888888888889,-0.343333333333333,0
1,1994,0.004833,18.9109674601604,1.61111111111111,-1.2175,0
1,1995,0.015396,19.1020963461396,-1.94444444444444,0.785833333333333,0
1,1996,0.007441,18.1287093279632,-1.61111111111111,2.24333333333333,0
1,1997,0.000371,18.5732255050472,1.5,1.13916666666667,0
1,1998,0.014648,19.3575803019993,-0.833333333333333,-0.708333333333333,0
1,1999,0.038487,19.7808061149687,-2.55555555555556,0.408333333333333,0
1,2000,0.035759,19.161128672073,-1.88888888888889,0.765833333333333,0
1,2001,0.010399,19.5654835720578,1.88888888888889,-1.85916666666667,0
1,2002,0.033799,20.0172577757003,-4.61111111111111,1.75583333333333,0
1,2003,0.003122,19.512902869904,-6.38888888888889,0.688333333333333,0
1,2004,0.007741,18.6803222214659,-2.77777777777778,0.921666666666667,0
1,2005,0.012177,20.157257774918,2.55555555555556,1.68666666666667,0
1,2006,0.037876,19.9848383733685,0.555555555555556,1.69083333333333,0
1,2007,0.035617,19.1953222820705,-0.0555555555555563,0.279166666666667,0
1,2008,0.004015,19.8085480736224,-4.33333333333333,2.51083333333333,0
1,2009,0.009055,21.1829029299498,-1.83333333333333,3.99333333333333,0
1,2010,0.063632,20.4137093235286,-3.11111111111111,1.40583333333333,0
1,2011,0.030358,20.3695157973055,1.33333333333333,0.103333333333333,0
1,2012,0.068127,21.7438706020047,-0.499999999999999,0.671666666666667,0
1,2013,0.032641,20.6187093248697,-2.72222222222222,-0.2425,0
1,2014,0.011431,20.4167738433456,-3.11111111111111,0.21,0
1,2015,0.00631,21.5033867351721,-0.111111111111111,-1.55,0
2,1959,0.106564365,21.3699995223433,-2.33333333333333,0.190833333333333,0
2,1960,0.26,20.6099995393306,-5.61111111111111,-0.02,0
2,1961,0.136923077,21.1299995277077,-2.77777777777778,0.0725,0
2,1962,0.088998211,20.0899995509535,-2.88888888888889,-0.383333333333333,0
2,1963,0.133814103,20.5199995413423,-1.55555555555556,-0.76,0
2,1964,0.029607843,19.3699995670468,-4.5,-2.97666666666667,0
2,1965,0.005,20.119999550283,-2.83333333333333,-4.25583333333333,0
2,1966,0.010204082,19.4699995648116,0.277777777777778,-0.759166666666667,0
2,1967,0.005,20.2699995469302,-4.66666666666667,-0.0166666666666667,0
2,1968,0.005,20.4299995433539,-2.72222222222222,-1.37083333333333,0
2,1969,0.005,20.5799995400012,-6.83333333333333,0.209166666666667,0
2,1970,0.052083334,21.1799995265901,-5.44444444444444,-0.606666666666667,0
2,1971,0.131442081,20.2199995480478,-1.22222222222222,0.645,0
2,1972,0.542933811,20.1299995500594,-1.11111111111111,3.57333333333333,0
2,1973,0.303409091,21.259999524802,-1.22222222222222,0.753333333333333,0
2,1974,0.092264914,21.1099995281547,0.277777777777778,0.321666666666667,0
2,1975,0.010638298,20.8399995341897,-4.72222222222222,0.504166666666667,0
2,1976,0.072827418,20.679999537766,-6.94444444444444,-0.05,0
2,1977,0.121279762,20.2499995473772,-4,0.563333333333333,0
2,1978,0.091183575,21.5199995189905,-1.38888888888889,1.36333333333333,0
2,1979,0.264254386,20.1899995487183,-1.88888888888889,0.00333333333333332,0
2,1980,0.415882353,21.0599995292723,-7.22222222222222,-2.24333333333333,0
2,1981,0.238095238,20.2899995464832,-6.44444444444445,0.075,0
2,1982,0.239837398,19.9043545136124,-1.72222222222222,1.39166666666667,0
2,1983,0.321428572,20.9951608598457,-3.83333333333333,2.665,0
2,1984,0.19250646,20.9222577419134,-5.33333333333333,-1.09666666666667,0
2,1985,0.173076923,20.7795157987941,-1.27777777777778,0.358333333333333,0
2,1986,0.21875,20.246612574217,-2.61111111111111,0.680833333333333,0
2,1987,0.607843138,20.1469351251746,-3.94444444444445,-1.01,0
2,1988,0.411764706,20.7530642145727,0,0.151666666666667,0
2,1989,0.211538462,20.4382254930131,1.72222222222222,2.98083333333333,0
2,1990,0.06125,21.6106447708187,-2.11111111111111,-0.1525,0
2,1991,0.237011381,20.5004835386062,-1.44444444444445,-0.0325,0
2,1992,0.325686275,19.5204835517937,-1.11111111111111,0.901666666666667,0
2,1993,0.240384616,20.2324189982657,-5.94444444444444,-0.615,0
2,1994,0.117647059,20.3514512501835,1.16666666666667,-1.57416666666667,0
2,1995,0.230769231,20.7522577326016,-2.44444444444444,0.7375,0
2,1996,0.386792453,19.5620964226497,-2.05555555555556,0.971666666666667,0
2,1997,0.432692308,19.9230641802672,1.27777777777778,0.8875,0
2,1998,0.201923077,20.7493544448495,-1.33333333333333,-0.780833333333333,0
2,1999,1.260416667,21.2309673713927,-2.94444444444444,1.005,0
2,2000,2.029411765,20.4114512669831,-2.22222222222222,0.643333333333333,0
2,2001,0.410377359,20.855644860181,1.5,-2.05,0
2,2002,0.510204082,21.4862899342324,-4.72222222222222,1.29583333333333,0
2,2003,0.218039216,21.386612514207,-6.5,0.0966666666666667,0
2,2004,0.254901961,20.096773881898,-3.16666666666667,0.850833333333333,0
2,2005,0.274509804,21.3391932075319,2.22222222222222,2.63833333333333,0
2,2006,0.29,21.4308060961933,0.444444444444443,1.93666666666667,0
2,2007,0.421568628,20.6670964567317,-0.166666666666667,-0.2625,0
2,2008,0.411764706,20.6614512487307,-4.77777777777778,2.06,0
2,2009,0.485880399,21.9014512667953,-2,3.50333333333333,0
2,2010,4.259615385,21.6195157233256,-3.77777777777778,1.15,0
2,2011,2.147058824,21.2220964070035,0.833333333333333,0.154166666666667,0
2,2012,0.774509804,22.7869351166049,-0.833333333333333,-0.229166666666667,0
2,2013,1.466618288,21.0322575976461,-3.33333333333333,-0.4425,0
2,2014,0.803921569,21.0083867139022,-3.61111111111111,-0.584166666666667,0
2,2015,0.333333334,22.2472576853679,-0.388888888888889,-1.54,0
3,1987,0.138418079096045,20.5827415767875,-2.72222222222222,-1.31666666666667,140.7
3,1988,0.028169014084507,21.0819351661856,1.44444444444445,0.9925,93.2
3,1989,0.0547619047619048,20.5429028962389,3.22222222222222,3.60333333333333,297
3,1990,0.797674418604651,21.6824189966251,0.222222222222221,0.146666666666667,232.6
3,1991,0.630653266331658,20.718225425703,0.555555555555556,-0.425,370.8
3,1992,0.452554744525547,19.6419351646969,1.27777777777778,0.4625,347.3
3,1993,0.135265700483092,20.3612899821367,-4,0.0458333333333333,551
3,1994,0.168224299065421,20.5208060566351,2.61111111111111,-2.41416666666667,402.3
3,1995,0.159574468085106,21.0864511680855,-1.27777777777778,1.09,790.7
3,1996,0.0953545232273839,19.8379028258755,-0.611111111111112,0.895833333333333,1042.5
3,1997,0.0923482849604222,19.9930641480091,3.38888888888889,0.759166666666667,534.6
3,1998,0.250632911392405,20.9301608803334,0.611111111111112,-2.45916666666667,537.4
3,1999,0.665,21.5814512262314,-1.22222222222222,0.215,605.1
3,2000,0.45952380952381,20.680322218596,-0.777777777777777,-0.1375,672.1
3,2001,0.205314009661836,21.1488706505036,3.33333333333333,-2.44916666666667,565
3,2002,0.293975903614458,21.6967738858453,-2.88888888888889,1.9675,1.7
3,2003,0.0204081632653061,21.5130640787231,-4.22222222222222,1.67,437
3,2004,0.0441176470588235,20.4282254948012,-1.11111111111111,-0.139166666666667,401.4
3,2005,0.0203252032520325,21.642580255919,3.61111111111111,2.505,339.1
3,2006,0.352459016393443,21.5583866929675,2.27777777777778,1.86583333333333,394.9
3,2007,0.372031662269129,21.1482254083446,1.5,-0.55,324.2
3,2008,0.064327485380117,21.0216125390532,-2.83333333333333,0.775,243.1
3,2009,0.254545454545455,22.1085480409889,-0.388888888888889,0.57,394.1
3,2010,5.37748344370861,21.9530640620353,-2.16666666666667,-2.05,437.2
3,2011,1.17142857142857,21.6479028908745,2.5,-0.638333333333333,223.8
3,2012,0.88974358974359,22.920322164992,0.999999999999998,-1.00833333333333,54.3
3,2013,0.651933701657459,21.1320964202268,-2.38888888888889,-0.889166666666667,49
3,2014,0.134048257372654,21.1520964880957,-1.72222222222222,-0.705833333333333,66
3,2015,0.0194444444444444,22.4037092821421,0.944444444444446,-2.81,101
4,1992,0.113125,20.3780641646969,0.0555555555555563,0.940833333333333,347.3
4,1993,0.117083333333333,21.2554835305238,-5.44444444444444,0.195,551
4,1994,0.03375,21.3111286211513,1.55555555555555,-1.27166666666667,402.3
4,1995,0.033125,21.6904835874403,-2.44444444444444,0.629166666666667,790.7
4,1996,0.025,20.5912899549078,-1.33333333333333,0.813333333333333,1042.5
4,1997,0.08,20.8537093899446,2.16666666666667,0.365833333333333,534.6
4,1998,0.074375,21.5259674609785,-0.777777777777777,-1.79166666666667,537.4
4,1999,0.124166666666667,22.0996770004249,-2.5,0.425833333333333,605.1
4,2000,0.107916666666667,21.2583867508541,-2.05555555555556,-0.129166666666667,672.1
4,2001,0.0347916666666667,21.9022576988907,1.94444444444444,-1.69833333333333,565
4,2002,0.08875,22.2327415471356,-4.05555555555556,1.28833333333333,1.7
4,2003,0.0395833333333333,22.0861286432393,-5.88888888888889,1.7275,437
4,2004,0.0160661764705882,21.554031898027,-2.72222222222222,-0.118333333333333,401.4
4,2005,0.003125,22.7188706430158,2.16666666666667,2.46333333333333,339.1
4,2006,0.014375,22.270160951032,0.999999999999998,1.8325,394.9
4,2007,0.0695833333333333,22.0662899567317,0.222222222222221,-0.159166666666667,324.2
4,2008,0.0241666666666667,21.8016125067952,-4.55555555555556,0.724166666666667,243.1
4,2009,0.0245833333333333,22.9641931538921,-1.72222222222222,0.734166666666667,394.1
4,2010,0.0497373188405797,22.5630641749385,-3.44444444444444,-0.0583333333333333,437.2
4,2011,0.0748913043478261,22.2690319392616,1.33333333333333,-0.874166666666667,223.8
4,2012,0.0747916666666667,23.5720964069275,-0.222222222222221,-1.92083333333333,54.3
4,2013,0.0541666666666667,22.1264512911945,-3.27777777777778,-2.29916666666667,49
4,2014,0.0183386075949367,22.014999633257,-2.88888888888889,-2.74833333333333,66
4,2015,0.0283333333333333,23.2003222821421,0.166666666666665,-3.78,101
5,1988,0.0535714285714286,21.9266125371533,1.44444444444445,0.9925,93.2
5,1989,0.113207547169811,21.1198383478518,3.22222222222222,3.60333333333333,297
5,1990,0.607843137254902,22.2546770450122,0.222222222222221,0.146666666666667,232.6
5,1991,0.215686274509804,21.3380640869933,0.555555555555556,-0.425,370.8
5,1992,6.42622950819672,20.3780641646969,1.27777777777778,0.4625,347.3
5,1993,1.03703703703704,21.2554835305238,-4,0.0458333333333333,551
5,1994,0.127272727272727,21.3111286211513,2.61111111111111,-2.41416666666667,402.3
5,1995,0.634146341463415,21.6904835874403,-1.27777777777778,1.09,790.7
5,1996,0.410714285714286,20.5912899549078,-0.611111111111112,0.895833333333333,1042.5
5,1997,0.8,20.8537093899446,3.38888888888889,0.759166666666667,534.6
5,1998,4.17021276595745,21.5259674609785,0.611111111111112,-2.45916666666667,537.4
5,1999,19.1071428571429,22.0996770004249,-1.22222222222222,0.215,605.1
5,2000,7.64285714285714,21.2583867508541,-0.777777777777777,-0.1375,672.1
5,2001,2.21311475409836,21.9022576988907,3.33333333333333,-2.44916666666667,565
5,2002,2.15492957746479,22.2327415471356,-2.88888888888889,1.9675,1.7
5,2003,1.375,22.0861286432393,-4.22222222222222,1.67,437
5,2004,0.4,21.554031898027,-1.11111111111111,-0.139166666666667,401.4
5,2005,1.33333333333333,22.7188706430158,3.61111111111111,2.505,339.1
5,2006,1.7536231884058,22.270160951032,2.27777777777778,1.86583333333333,394.9
5,2007,7,22.0662899567317,1.5,-0.55,324.2
5,2008,0.447368421052632,21.8016125067952,-2.83333333333333,0.775,243.1
5,2009,0.222222222222222,22.9641931538921,-0.388888888888889,0.57,394.1
5,2010,1.46376811594203,22.5630641749385,-2.16666666666667,-2.05,437.2
5,2011,0.423076923076923,22.2690319392616,2.5,-0.638333333333333,223.8
5,2012,0.613333333333333,23.5720964069275,0.999999999999998,-1.00833333333333,54.3
5,2013,1.12676056338028,22.1264512911945,-2.38888888888889,-0.889166666666667,49
5,2014,0.972972972972973,22.014999633257,-1.72222222222222,-0.705833333333333,66
5,2015,0.506493506493506,23.2003222821421,0.944444444444446,-2.81,101
6,1988,12.2972972972973,22.9490318935165,-2,-0.443333333333333,93.2
6,1989,17.5555555555556,22.7835479623912,0.38888888888889,2.35416666666667,297
6,1990,4.89583333333333,23.8882253862521,-4.27777777777778,0.118333333333333,232.6
6,1991,10.8448275862069,23.277580296407,-3.5,-0.853333333333333,370.8
6,1992,26.0681818181818,22.1874189715554,-2.55555555555556,0.238333333333333,347.3
6,1993,1.83333333333333,22.7909673857693,-9.94444444444444,0.946666666666667,551
6,1994,2.10714285714286,22.2340319166863,-0.88888888888889,-1.27333333333333,402.3
6,1995,15.6923076923077,23.2577415441539,-5.83333333333333,1.85666666666667,790.7
6,1996,3.87878787878788,22.4367738430819,-4.72222222222222,1.01083333333333,1042.5
6,1997,2.14285714285714,22.6346770523123,-0.833333333333333,0.345833333333333,534.6
6,1998,20.8,23.5459673160006,-4.33333333333333,-1.9375,537.4
6,1999,12.3478260869565,23.7938706011822,-5.33333333333333,1.49416666666667,605.1
6,2000,7,22.8132253340295,-4.27777777777778,0.680833333333333,672.1
6,2001,8.98360655737705,23.4851608469175,-0.222222222222221,-2.34583333333333,565
6,2002,10.5423728813559,24.0403222261912,-8,1.0225,1.7
6,2003,1.765625,23.2570963574586,-8.77777777777778,2.5475,437
6,2004,2.88135593220339,22.7406447402727,-6,1.59333333333333,401.4
6,2005,7.61666666666667,24.3891931435343,0.111111111111113,2.47,339.1
6,2006,17.5423728813559,23.802580275137,-1.72222222222222,2.6575,394.9
6,2007,7.72307692307692,23.2277415548068,-2.22222222222222,2.29166666666667,324.2
6,2008,1.265625,22.9816125409129,-7.38888888888889,1.37333333333333,243.1
6,2009,2.58064516129032,24.5737092062623,-3.83333333333333,0.7425,394.1
6,2010,4.03448275862069,24.0641931110528,-6,1.62,437.2
6,2011,7.71875,23.7533866650278,-1.38888888888889,-0.183333333333333,223.8
6,2012,8.2,25.177418960527,-2.88888888888889,-0.4375,54.3
6,2013,1.34328358208955,23.2191931015175,-6.27777777777778,-0.0375,49
6,2014,0.383561643835616,23.4245157191146,-6.44444444444445,-0.936666666666667,66
6,2015,0.947368421052632,24.669838334624,-2.55555555555556,-1.06,101
7,1988,4.70909090909091,22.9490318935165,-2,-0.443333333333333,93.2
7,1989,3.04888888888889,22.7835479623912,0.38888888888889,2.35416666666667,297
7,1990,2.73732718894009,23.8882253862521,-4.27777777777778,0.118333333333333,232.6
7,1991,6.49767441860465,23.277580296407,-3.5,-0.853333333333333,370.8
7,1992,5.45248868778281,22.1874189715554,-2.55555555555556,0.238333333333333,347.3
7,1993,1.22222222222222,22.7909673857693,-9.94444444444444,0.946666666666667,551
7,1994,1.20814479638009,22.2340319166863,-0.88888888888889,-1.27333333333333,402.3
7,1995,2.05882352941176,23.2577415441539,-5.83333333333333,1.85666666666667,790.7
7,1996,0.617647058823529,22.4367738430819,-4.72222222222222,1.01083333333333,1042.5
7,1997,13.5567010309278,22.6346770523123,-0.833333333333333,0.345833333333333,534.6
7,1998,27.5050505050505,23.5459673160006,-4.33333333333333,-1.9375,537.4
7,1999,16.1734104046243,23.7938706011822,-5.33333333333333,1.49416666666667,605.1
7,2000,1.18009478672986,22.8132253340295,-4.27777777777778,0.680833333333333,672.1
7,2001,2.32211538461538,23.4851608469175,-0.222222222222221,-2.34583333333333,565
7,2002,3.54761904761905,24.0403222261912,-8,1.0225,1.7
7,2003,0.779279279279279,23.2570963574586,-8.77777777777778,2.5475,437
7,2004,0.904545454545455,22.7406447402727,-6,1.59333333333333,401.4
7,2005,1.42081447963801,24.3891931435343,0.111111111111113,2.47,339.1
7,2006,1.84615384615385,23.802580275137,-1.72222222222222,2.6575,394.9
7,2007,1.1447963800905,23.2277415548068,-2.22222222222222,2.29166666666667,324.2
7,2008,2.13963963963964,22.9816125409129,-7.38888888888889,1.37333333333333,243.1
7,2009,9.60098522167488,24.5737092062623,-3.83333333333333,0.7425,394.1
7,2010,5.14932126696833,24.0641931110528,-6,1.62,437.2
7,2011,1.98,23.7533866650278,-1.38888888888889,-0.183333333333333,223.8
7,2012,2.82327586206897,25.177418960527,-2.88888888888889,-0.4375,54.3
7,2013,1.36150234741784,23.2191931015175,-6.27777777777778,-0.0375,49
7,2014,3.8859649122807,23.4245157191146,-6.44444444444445,-0.936666666666667,66
7,2015,1.04310344827586,24.669838334624,-2.55555555555556,-1.06,101
8,1996,3.375,22.7187092624368,0.722222222222221,2.50666666666667,1632.6
8,1997,9.32,22.7825802619897,5.11111111111111,1.82333333333333,1946.2
8,1998,1.84579439252336,23.8246769934199,2.5,-2.79833333333333,2424.5
8,1999,1.19417475728155,23.9117737786016,0.166666666666665,-1.36333333333333,2381.9
8,2000,1.61111111111111,23.4079028340295,0.277777777777778,-0.53,2206.2
8,2001,0.550239234449761,23.6512899275626,4.05555555555555,-3.91,2009.6
8,2002,2.04651162790698,24.5148383068363,-1.72222222222222,1.64416666666667,2721.4
8,2003,0.23828125,23.3448383252005,-2.55555555555556,0.5125,1726.6
8,2004,0.943548387096774,23.2083867241437,0.611111111111112,-0.436666666666667,1866.7
8,2005,1.38152610441767,24.8667737886956,4.88888888888889,0.224166666666667,2713.4
8,2006,1.42790697674419,24.1246769525564,4,0.00916666666666668,2617.1
8,2007,0.703517587939699,23.8604834580326,2.55555555555556,-1.69583333333333,2103
8,2008,1.15652173913043,23.2129027828484,-1.05555555555555,0.6925,2504.8
8,2009,1.69626168224299,25.0087092546494,0.555555555555556,1.94916666666667,116.6
8,2010,1.92213114754098,24.645644723956,-1.11111111111111,-2.25666666666667,4290.6
8,2011,0.782383419689119,24.3514511488987,3.61111111111111,0.0616666666666667,4354.2
8,2012,1.44194756554307,25.4379027669786,2.44444444444444,0.7775,3353.3
8,2013,0.683794466403162,23.5353222144207,-1.66666666666667,0.6275,1991.6
8,2014,3.31506849315068,23.7779028158888,-0.499999999999999,1.94583333333333,1422.8
9,1978,8.2632,26.0199994184077,0.666666666666668,1.38,141.8
9,1979,5.5615,24.7299994472414,0.666666666666668,0.6325,217.9
9,1980,14.1538,25.549999428913,-2.72222222222222,-1.71916666666667,968.1
9,1981,5.5122,24.8999994434416,-3.16666666666667,-1.25083333333333,442.5
9,1982,2.0788,24.0724189156045,1.44444444444445,0.4925,350.9
9,1983,2.5907,24.2667738587237,-2.05555555555556,2.13916666666667,532.8
9,1984,9.4467,24.7832253261304,-2.05555555555556,-2.96083333333333,497.4
9,1985,60.9754,24.6499995725362,0.777777777777777,-2.07833333333333,1270.6
9,1986,28.0875,24.5701609432804,-0.111111111111111,-2.37833333333333,1409.3
9,1987,23.4675,24.7769350403899,-1.83333333333333,-2.55916666666667,1757.1
9,1988,32.2116,23.6737092944311,3.11111111111111,0.285,1760.5
9,1989,43.7966,24.2446770084671,5.27777777777778,0.821666666666667,2355.3
9,1990,11.4235,25.1059673043016,2.16666666666667,-1.59416666666667,3178.3
9,1991,28.5336,24.755806035249,2.27777777777778,-1.52166666666667,3068.5
9,1992,30.1941,23.4366125159549,3.38888888888889,0.3825,2047
9,1993,47.4641,23.9199996089293,-2.22222222222222,0.3075,2888.4
9,1994,48.6807,22.7993544306159,3.44444444444445,-1.81166666666667,2805.5
9,1995,28.4034,24.3620963493002,0.333333333333334,1.22166666666667,3405
9,1996,21.8866,23.7561286623456,1.16666666666667,0.985,1672.2
9,1997,50.1807,23.604838290372,5.27777777777778,0.194166666666667,2429
9,1998,25.3319,24.764031909346,3.38888888888889,-2.8375,1889.5
9,1999,36.3319,24.7667737770727,0.722222222222221,1.63166666666667,2222
9,2000,19.7435,24.2466124930086,0.611111111111112,-0.0541666666666667,1821.3
9,2001,17.2668,24.4167737964428,4.44444444444444,-2.71333333333333,1826.6
9,2002,17.6008,25.3667738049722,-1.33333333333333,2.75333333333333,1372.6
9,2003,8.2479,23.5559673560415,-1.77777777777778,3.3025,804.6
9,2004,14.4578,24.4520963663233,1.27777777777778,1.45,1003.9
9,2005,9.0519,25.6901607055158,5.61111111111111,0.0825,1287
9,2006,23.4954,25.0338705475782,4.5,0.0858333333333333,1278
9,2007,29.515,25.2082253586119,2.61111111111111,-2.57333333333333,1723.4
9,2008,13.3648,24.1682253773114,-0.722222222222223,-0.76,1591.2
9,2009,20.056,25.9022575920538,0.722222222222221,1.57333333333333,1548.5
9,2010,14.3814,25.6377414801564,-0.944444444444444,-2.5775,1864.1
9,2011,12.3001,25.1229027750611,4.05555555555555,-2.13583333333333,1588.5
9,2012,10.0839,25.8393543474361,3,0.479166666666667,2073.2
9,2013,12.7565,24.4049995837478,-1.11111111111111,1.35166666666667,1128.6
9,2014,16.6407,24.5958060560719,0.0555555555555563,0.02,858.5
9,2015,34.185,25.9162898813706,1.33333333333333,-0.99,963.3
10,1989,253.6167081,24.7246768087897,6.11111111111111,0.6125,20598.8
10,1990,274.028497,25.3874187549468,3.5,-2.48166666666667,23036.5
10,1991,349.5252903,24.9974187894425,3.44444444444445,-1.5475,22569.3
10,1992,284.0284541,23.7627413498259,4.44444444444444,1.4075,13233.3
10,1993,454.9467197,24.4245155978003,-0.388888888888889,-0.635,27108.7
10,1994,849.4085351,23.2558059412611,4.38888888888889,-2.9525,20383.6
10,1995,400.1571924,24.5893543226873,1.55555555555555,0.650833333333333,19288.8
10,1996,422.9387007,24.1277413037972,2.55555555555556,1.08083333333333,16862.3
10,1997,296.9000063,23.9883866137591,5.88888888888889,1.49666666666667,19948.6
10,1998,175.5315211,24.7638703866041,4.66666666666667,-3.02,13402.2
10,1999,322.8709257,25.3093543151372,1.66666666666667,1.39083333333333,15340.9
10,2000,367.7049338,24.5391929486538,2.05555555555556,-0.1075,9715.8
10,2001,363.7352564,24.6638704357976,5.11111111111111,-3.055,10987
10,2002,515.6594392,25.7770961815851,-0.388888888888889,1.76166666666667,11447.8
10,2003,300.6020007,24.1156446382996,-0.166666666666667,2.975,11893.5
10,2004,375.5015363,24.745321967291,2.5,1.68333333333333,14687
10,2005,359.7200153,26.0198381555158,6.38888888888889,-0.34,15263.8
10,2006,322.4722493,25.5196768222556,5.33333333333333,-0.0925,13351
10,2007,368.9790711,25.49209618087,3.38888888888889,-1.82583333333333,13960.7
10,2008,137.315541,24.3485477274727,0.499999999999999,0.1425,15817.7
10,2009,442.3314596,26.113870301086,1.27777777777778,1.1625,17599.9
10,2010,863.1913476,25.8648381119306,0.166666666666665,-3.79666666666667,30214.6
10,2011,581.6119056,25.2919349298998,5.38888888888889,-2.99583333333333,22688.5
10,2012,365.4153923,25.982257450178,4.05555555555555,1.46083333333333,19830.5
10,2013,122.165838,24.5953220945543,0.277777777777778,-0.26,10960.6
10,2014,180.0878227,24.8446768462332,1.55555555555555,0.0133333333333333,11220.3
10,2015,280.4403666,26.1520962597576,2.44444444444444,-0.36,12998.3
11,1977,26.13286713,24.699999447912,-0.833333333333333,1.58416666666667,9144.2
11,1978,4.81097561,25.7099994253367,0.999999999999998,1.1475,7525.2
11,1979,5.97740113,24.409999454394,1.16666666666667,0.663333333333333,11264.9
11,1980,3.021052632,25.3299994338304,-2.22222222222222,-1.34833333333333,11477.8
11,1981,15.12,24.6399994492531,-2.5,-0.16,26016.9
11,1982,9.711956522,24.5853222251854,1.88888888888889,0.543333333333333,18695.1
11,1983,23.86592179,25.5017736838748,-1.5,2.33416666666667,22049.4
11,1984,33.59677419,25.3582253460592,-1.44444444444445,-2.2525,21229.2
11,1985,33.53296703,25.2014512046977,1.27777777777778,-1.93333333333333,25163.9
11,1986,27.07253886,25.060805994685,0.499999999999999,-2.5225,21821.6
11,1987,15.27272727,25.3595156402933,-1.38888888888889,-3.22916666666667,20063.4
11,1988,19.07518797,24.7270962663081,3.44444444444445,0.111666666666667,20052.1
11,1989,28.84666667,24.9654834635445,5.44444444444444,1.77666666666667,20598.8
11,1990,30.08695652,25.6414511306821,2.61111111111111,-1.73916666666667,23036.5
11,1991,20.38378378,25.2964512160211,3,-2.30083333333333,22569.3
11,1992,25.52542373,24.2324188902755,3.66666666666667,0.401666666666667,13233.3
11,1993,25.5959596,24.6275801440931,-1.77777777777778,-0.334166666666667,27108.7
11,1994,23.8839779,23.8522576933743,4,-2.1,20383.6
11,1995,7.824324324,24.8979027726783,0.333333333333334,0.9375,19288.8
11,1996,34.92307692,24.588225391393,1.94444444444444,0.918333333333333,16862.3
11,1997,24.08108108,24.4912899388861,5.55555555555556,1.12333333333333,19948.6
11,1998,8.891402715,25.0677415415075,4.05555555555555,-3.0225,13402.2
11,1999,17.92893401,25.8498382164682,1.33333333333333,1.68333333333333,15340.9
11,2000,8.708333333,24.7482254320688,1.05555555555555,0.0858333333333333,9715.8
11,2001,9.809954751,24.970644752079,4.72222222222222,-3.09666666666667,10987
11,2002,10.1719457,26.0851608563768,-0.666666666666666,2.38416666666667,11447.8
11,2003,11.65454546,24.5367737798667,-0.88888888888889,1.3875,11893.5
11,2004,10.35585586,24.9467738054952,1.94444444444444,0.263333333333333,14687
11,2005,18.69369369,26.4837092080862,6,0.0433333333333334,15263.8
11,2006,20.06486487,26.0358060341314,4.88888888888889,0.0666666666666667,13351
11,2007,6.031531532,26.0112898297067,3.16666666666667,-2.9875,13960.7
11,2008,14.89189189,25.1853221063589,-0.222222222222221,-0.9525,15817.7
11,2009,17.90990991,25.7498382249976,1.05555555555555,1.2975,17599.9
11,2010,40.41441441,26.0591931436819,-0.444444444444445,-1.37,30214.6
11,2011,33.49315069,25.9846769711799,4.16666666666667,-1.24083333333333,22688.5
11,2012,32.90540541,26.0603221732577,3.38888888888889,0.658333333333333,19830.5
11,2013,15.42792793,24.7183866680811,-0.88888888888889,0.675,10960.6
11,2014,16.68161435,24.9435479793383,0.333333333333334,-0.298333333333333,11220.3
11,2015,25.23423423,26.1593543045252,1.72222222222222,-0.83,12998.3
12,1956,19.68,24.8499994445592,2.27777777777778,0.531666666666667,11678.1
12,1957,18.55,24.6099994499236,1.16666666666667,2.64416666666667,11285.4
12,1958,15.5,25.259999435395,2.77777777777778,0.608333333333333,8052.9
12,1959,10.39,25.5899994280189,4.11111111111111,1.105,9592.8
12,1960,67.87,24.9099994432181,0.499999999999999,2.49833333333333,17812.8
12,1961,6.3,25.3699994329363,2.77777777777778,2.30666666666667,19947.5
12,1962,8.57,24.7099994476885,1.5,0.366666666666667,24345
12,1963,8.05,25.0599994398654,4.05555555555555,-0.395833333333333,20928.3
12,1964,11.03,24.0699994619936,2.94444444444444,-0.370833333333333,23392.9
12,1965,14.86,24.5499994512647,0.88888888888889,-3.1775,22935
12,1966,19.37,24.1099994610995,5.44444444444444,-1.80416666666667,28908.3
12,1967,5.88,24.3799994550645,0.88888888888889,-0.494166666666667,24867.7
12,1968,33.12,24.8899994436651,1.72222222222222,-0.4975,20339.7
12,1969,28.23,24.98999944143,-0.277777777777778,0.2425,15259
12,1970,24.7,25.1199994385242,1.33333333333333,-0.7975,19239.9
12,1971,32.08,24.5699994508177,5.44444444444444,0.731666666666667,21685.4
12,1972,11.33,24.6099994499236,3.27777777777778,2.23333333333333,22023.9
12,1973,14.03,25.2699994351715,7.77777777777778,-0.246666666666667,16667.9
12,1974,9.97,25.1399994380772,5.38888888888889,1.17416666666667,18529.2
12,1975,2.9,25.1599994376302,2.22222222222222,0.203333333333333,15793.8
12,1976,8.97,24.6099994499236,-3.11111111111111,-0.405833333333333,11685.2
12,1977,22.18,24.699999447912,0.666666666666668,2.16666666666667,16863.7
12,1978,26.39,25.7099994253367,2.88888888888889,2.11583333333333,16351.8
12,1979,19.21,24.409999454394,2.77777777777778,0.706666666666667,18068.7
12,1980,28.64,25.3299994338304,-0.499999999999999,-3.18083333333333,17096.9
12,1981,54.16,24.6399994492531,-0.166666666666667,0.07,19071
12,1982,29.74,24.5853222251854,3.05555555555556,1.14083333333333,19970.8
12,1983,33.39,25.5017736838748,0.666666666666668,1.27833333333333,20912.7
12,1984,27.97,25.3582253460592,0.555555555555556,-2.24333333333333,22436.7
12,1985,26.04,25.2014512046977,2.77777777777778,-1.23583333333333,18476.4
12,1986,17.74,25.060805994685,2.11111111111111,-0.6075,17022.3
12,1987,16.04,25.3595156402933,0.499999999999999,-1.56416666666667,14536.2
12,1988,30.99,24.7270962663081,5.61111111111111,0.761666666666667,16432
12,1989,38.92,24.9654834635445,7.22222222222222,2.01583333333333,19615.6
12,1990,69.64,25.6414511306821,4.72222222222222,-2.15916666666667,22229.3
12,1991,31.1,25.2964512160211,4.61111111111111,-1.86166666666667,19768.1
12,1992,23.24,24.2324188902755,5.27777777777778,1.35166666666667,10573.1
12,1993,19.62,24.6275801440931,0.833333333333333,-0.858333333333333,23316.8
12,1994,11.55,23.8522576933743,4.88888888888889,-2.29333333333333,15431.4
12,1995,32.6,24.8979027726783,2.05555555555556,0.816666666666667,13971
12,1996,27.59,24.588225391393,3.77777777777778,0.7775,14750.2
12,1997,21.14,24.4912899388861,6.72222222222222,0.9025,16782.2
12,1998,22.07,25.0677415415075,6.16666666666667,-2.3125,14581.6
12,1999,13.4,25.8498382164682,2.88888888888889,2.54,13306.9
12,2000,9.69,24.7482254320688,3.05555555555556,-0.45,12142.6
12,2001,11.65,24.970644752079,5.77777777777778,-2.86333333333333,10291.3
12,2002,10.73,26.0851608563768,1.05555555555555,1.96666666666667,11418
12,2003,21.74,24.5367737798667,1.38888888888889,3.80166666666667,9012.8
12,2004,17.41,24.9467738054952,4.33333333333333,0.764166666666667,11793.4
12,2005,19.21,26.4837092080862,7.38888888888889,-0.324166666666667,11331.8
12,2006,22.44,26.0358060341314,6.44444444444445,-0.0383333333333334,9891.3
12,2007,6.93,26.0112898297067,4.33333333333333,-2.91666666666667,11015.9
12,2008,15.74,25.1853221063589,1.94444444444444,-0.7425,10054.3
12,2009,16.5,25.7498382249976,2.16666666666667,0.939166666666667,14364.7
12,2010,16.63,26.0591931436819,1.22222222222222,-1.78916666666667,16934.6
12,2011,25.23,25.9846769711799,5.94444444444445,-0.245,16765.1
12,2012,10.6,26.0603221732577,4.94444444444444,1.2025,14551.5
12,2013,10.61,24.7183866680811,1.11111111111111,1.08,10670.2
12,2014,20.32,24.9435479793383,2.66666666666667,0.505833333333333,10508
12,2015,12.55,26.1593543045252,3.05555555555556,1.01,13028.9
13,1984,1.89930555555556,26.4066123258702,1.77777777777778,-1.08666666666667,14737.7
13,1985,2.13888888888889,26.2464510648542,3.83333333333333,-1.46083333333333,13303.8
13,1986,7.552,25.9725800047044,3.72222222222222,-0.665,10505.2
13,1987,3.83076923076923,26.6227413296294,2,-1.80166666666667,14406.4
13,1988,6.08403361344538,26.3067735937112,7,1,15937.7
13,1989,5.63440860215054,26.1899994065052,8.44444444444445,0.995833333333333,15393.3
13,1990,2.85454545454545,26.7535477271429,6,-2.01,16776.4
13,1991,2.10526315789474,26.4295155000981,5.77777777777778,-1.04416666666667,18631.1
13,1992,3.18181818181818,25.4959671356529,6.83333333333333,0.924166666666667,18374
13,1993,2.03636363636364,25.9208058640629,3,-1.06416666666667,19444.4
13,1994,4.80555555555556,25.3783865935435,6.11111111111111,-1.6425,23705.1
13,1995,9.2887323943662,26.0380639678488,3.88888888888889,0.670833333333333,20427.1
13,1996,3.01149425287356,25.6895155067591,5.16666666666667,0.316666666666667,29793.4
13,1997,2.35,25.6183864708638,7.61111111111111,-0.0425,24654.6
13,1998,8.34848484848485,26.2651607686731,8,-1.00583333333333,27398.3
13,1999,7.30612244897959,26.8387089872088,4.16666666666667,0.725,25443.8
13,2000,4.32786885245902,25.7633864704015,4.61111111111111,-1.02916666666667,17640.4
13,2001,2.81395348837209,26.0485478013058,6.55555555555555,-2.84666666666667,13580.4
13,2002,5.60344827586207,27.179999418644,2.5,1.63083333333333,16539.1
13,2003,9.91747572815534,25.7425800961166,3.11111111111111,0.934166666666667,18889.9
13,2004,3.04487179487179,26.1232252099062,5.94444444444445,-0.005,14783.2
13,2005,4.15760869565217,27.7337090743844,8.55555555555556,0.189166666666667,10691.9
13,2006,6.46864686468647,27.2438703884205,7.55555555555556,-0.256666666666667,11071.8
13,2007,5.23481781376518,27.1727413018355,5.22222222222222,-4.01666666666667,9326.9
13,2008,14.6536458333333,26.4838703841214,3.66666666666667,-3.4325,14668.8
13,2009,17.9413333333333,26.7091930278109,3.16666666666667,-0.085,13218
13,2010,22.5343680709534,27.2080639346334,2.77777777777778,-1.585,13514.6
13,2011,14.6832971800434,27.12080583522,7.16666666666667,0.0941666666666667,13138.2
13,2012,7.22289156626506,26.7698381771277,6.16666666666667,0.0208333333333333,11789.6
13,2013,6.02127659574468,25.5887090741316,2.88888888888889,0.5075,9724.3
13,2014,6.98161764705882,26.1022575388865,4.44444444444444,0.76,11450
13,2015,14.6465256797583,27.1319349205135,4.38888888888889,0.1,14079.7
14,1987,72.2723577235772,27.3595153739843,2.94444444444444,-1.48416666666667,14406.4
14,1988,37.0888888888889,27.2203220014532,8.22222222222222,0.46,15937.7
14,1989,46.9807692307692,27.0443541416665,9.72222222222222,0.440833333333333,15393.3
14,1990,144.015250544662,27.4675799310138,7.05555555555556,-1.73,16776.4
14,1991,147.025961538462,27.2725799621949,6.72222222222222,-0.645,18631.1
14,1992,63.0034779050737,26.5930638862981,8,0.559166666666667,18374
14,1993,60.2711111111111,26.9766122397081,4.38888888888889,-0.656666666666667,19444.4
14,1994,53.9317978533095,26.5079026103177,6.77777777777778,-1.1075,23705.1
14,1995,34.1391509433962,26.8925800272036,5.38888888888889,0.393333333333333,20427.1
14,1996,59.77098077293,26.6745155325656,6.11111111111111,0.2025,29793.4
14,1997,53.2321883701058,26.6101607531218,8.44444444444445,1.21,24654.6
14,1998,57.7418096840855,26.9461284067376,9.05555555555555,-1.24416666666667,27398.3
14,1999,44.7940504116621,27.5093541784992,5.16666666666667,0.281666666666667,25443.8
14,2000,35.1137479541735,26.9219348566918,5.88888888888889,-0.483333333333333,17640.4
14,2001,34.7419871794872,27.0629026301768,7.66666666666667,-2.09,13580.4
14,2002,53.8720518867925,27.8024186838053,3.66666666666667,1.155,16539.1
14,2003,60.590931372549,26.7199993343424,4.5,0.964166666666667,18889.9
14,2004,67.5441442934432,26.8470961639385,7.27777777777778,-0.0966666666666667,14783.2
14,2005,31.6875,28.3233864239006,9.77777777777778,-0.0608333333333334,10691.9
14,2006,31.1706896551724,27.8611283984205,8.55555555555556,-0.4525,11071.8
14,2007,18.0469980575764,27.9551606607064,6.61111111111111,-3.60833333333333,9326.9
14,2008,24.8114343084646,27.3906445054117,5.22222222222222,-2.79416666666667,14668.8
14,2009,11.961038961039,27.6799993036173,4.22222222222222,-0.159166666666667,13218
14,2010,64.4559348297716,28.390321956085,3.66666666666667,-1.625,13514.6
14,2011,21.6972254865523,28.0632252250588,8.38888888888889,-0.18,13138.2
14,2012,23.906023222061,27.9491929980954,8.05555555555556,0.1925,11789.6
14,2013,25.8815925642841,27.3275800644542,4.22222222222222,1.13166666666667,9724.3
14,2014,13.6662404092072,27.3798380771123,5.94444444444445,1.88666666666667,11450
14,2015,18.9651741293532,27.9195155943844,5.55555555555556,0.97,14079.7
15,1988,6.4,28.5274186728656,11.6666666666667,-0.1525,3114.3
15,1989,8.47222222222222,28.1819348416858,11.6666666666667,-0.159166666666667,2586.4
15,1990,5.26111111111111,28.772580067613,9.5,2.025,2358
15,1991,6.53888888888889,28.5996768169551,8.77777777777778,1.1875,2488.5
15,1992,5.63333333333333,28.1599994292411,10.8333333333333,1.65333333333333,3276.9
15,1993,8.22777777777778,28.4290316269462,7,-1.06083333333333,2782.4
15,1994,5.08888888888889,27.5590316561586,8.88888888888889,2.37666666666667,3236.9
15,1995,5.49444444444444,28.0680638696944,8.11111111111111,-0.0858333333333333,3195.2
15,1996,4.77777777777778,27.9924187533393,9.44444444444444,-0.225,2668.1
15,1997,3.49444444444444,28.3341929226269,10.5,2.44,2790.3
15,1998,4.09444444444444,28.2649993179089,11.0555555555556,-2.01416666666667,3384.1
15,1999,4.87222222222222,28.9279026111499,7.94444444444444,-0.5575,2957.7
15,2000,3.09444444444444,28.4146767667239,7.55555555555556,-1.97666666666667,2571.9
15,2001,2.05,28.3283864690581,10.0555555555556,-3.96416666666667,2463.1
15,2002,4.01212121212121,28.4548380634321,6.66666666666667,1.85333333333333,1978.5
15,2003,3.31843575418994,27.6209670774821,7.55555555555556,-0.588333333333333,1965.1
15,2004,5.45,28.130967105271,10.1111111111111,-0.410833333333333,1959.7
15,2005,8.09444444444444,29.514354168511,11.7777777777778,-0.63,1983.2
15,2006,4.27777777777778,28.9737090447936,10.9444444444444,-1.95416666666667,1884.4
15,2007,4.57222222222222,28.9877412534423,8.55555555555556,-2.70083333333333,1847.6
15,2008,3.22777777777778,28.1183865264382,8.83333333333333,0.0408333333333333,2011.5
15,2009,3.25,28.4333865507638,6.44444444444445,-0.211666666666667,1800.2
15,2010,2.62222222222222,29.3129026983877,6.33333333333333,-2.81416666666667,1453.1
15,2011,6.37777777777778,28.7525799991853,10.7777777777778,-3.02583333333333,2456.3
15,2012,2.53333333333333,28.1759670887432,12.1111111111111,1.05833333333333,2661.1
15,2013,2.45555555555556,28.2614510330244,6.22222222222222,-0.27,2312.8
15,2014,2.23030303030303,28.6622574398088,8.38888888888889,0.3775,1715.9
15,2015,5.35897435897436,28.8527413255354,7.77777777777778,0.03,1686.8
16,1976,11.4065,28.3199993669987,4.61111111111111,0.738333333333333,2663.8
16,1977,6.9724,28.5799993611872,6.77777777777778,-0.2025,3502.4
16,1978,11.2523,29.0299993511289,8,-0.159166666666667,4821
16,1979,10.2784,28.5499993618578,10.6666666666667,1.0625,5142.7
16,1980,15.7,28.8899993542582,6.44444444444445,-2.67583333333333,4563.2
16,1981,12.28,28.5899993609637,9.77777777777778,-0.24,5914.2
16,1982,8.5678,28.5924186899599,7.66666666666667,0.165833333333333,5688.9
16,1983,10.4967,28.8411284268433,8.61111111111111,1.3475,5036.8
16,1984,14.5647,28.2158057806964,7.44444444444444,-1.18416666666667,4639.5
16,1985,10.2948,28.3230638545141,9.27777777777778,-0.550833333333333,3775.9
16,1986,13.081,28.3746768477628,9.33333333333333,-0.0358333333333333,3004.2
16,1987,10.0139,29.3046767583293,7.27777777777778,-0.971666666666667,2843
16,1988,14.8611,28.5608057646398,13.7777777777778,-1.16,3809.8
16,1989,7.935,28.2641927887826,13.1111111111111,-0.765,3309.7
16,1990,10.3611,29.1051606032581,11.2222222222222,1.81666666666667,3223
16,1991,8.4167,28.701289707439,9.77777777777778,1.7825,3142.4
16,1992,15.5023,28.5974187363378,12.8333333333333,1.23,3949.8
16,1993,7.7384,28.5854832833978,8.66666666666667,-0.0308333333333333,3679.7
16,1994,8.2407,27.6690315895457,10.1666666666667,1.1975,4016
16,1995,7.5324,28.2933863466298,9.72222222222222,-0.3,4217.9
16,1996,7.2333,28.1249994796296,11.3888888888889,-1.12416666666667,2626.2
16,1997,5.4537,28.887418654885,12.2777777777778,1.28166666666667,2850
16,1998,3.8291,28.7766122714573,12.2222222222222,-3.09583333333333,2284.1
16,1999,3.7685,29.0787090379241,10.2777777777778,-3.03166666666667,1769.7
16,2000,3.3171,28.3895155780142,8.5,-3.14916666666667,1452.6
16,2001,3.7685,28.5390316224452,11.3888888888889,-3.77916666666667,1225.8
16,2002,0.5417,28.6296767445611,7.88888888888889,1.06083333333333,880.9
16,2003,0.5949,27.5793541760305,9.38888888888889,-0.328333333333333,757.5
16,2004,4.7755,28.3359670899484,11.7777777777778,1.71166666666667,1319.8
16,2005,4.7315,29.8945153925432,12.8888888888889,-0.0725,1933.4
16,2006,5.5255,29.1740314731807,12.0555555555556,-3.835,1846.4
16,2007,5.9954,29.3045153758616,9.88888888888889,-2.12166666666667,1974.3
16,2008,5.3889,27.1267736301478,10.4444444444444,0.04,1902.1
16,2009,3.5568,28.12193491528,7.83333333333333,-0.659166666666667,1586.9
16,2010,0.4514,29.4861284395168,7.5,-3.8075,1027.3
16,2011,2.3024,28.7691929143466,12,-4.00333333333333,1528
16,2012,1.8783,27.8580638774529,13.8888888888889,0.08,1913.2
16,2013,1.2985,28.502902634476,7.83333333333333,0.631666666666667,1451.8
16,2014,1.3487,29.132418723841,9.88888888888889,0.025,1090.2
16,2015,2.7202,29.2085477376321,9.55555555555556,-1.67,1308.3
17,1997,0.727678571428571,29.238870245496,16.1666666666667,0.325833333333333,2556.8
17,1998,1.83771929824561,29.4508056843391,16.3888888888889,-4.3425,2036.7
17,1999,0.921052631578947,28.9101607137714,14.8333333333333,-3.9125,1990
17,2000,1.31140350877193,28.9274186960827,12.0555555555556,-4.7325,2132.3
17,2001,0.413333333333333,28.5832250467304,15.4444444444444,-1.10916666666667,1200.7
17,2002,0.519650655021834,28.9645154421736,11.3333333333333,2.665,1000.7
17,2003,0.746724890829694,28.2335477478352,14.1111111111111,-0.770833333333333,888.3
17,2004,1.19130434782609,28.7717735711678,15.8888888888889,0.545,1592.3
17,2005,2.00877192982456,29.8982251222144,16.1666666666667,-0.654166666666667,1818.8
17,2006,0.543859649122807,28.9270960919209,16.7777777777778,-3.9875,1407.8
17,2007,0.682608695652174,29.0982251422931,15.2222222222222,-2.29416666666667,1833.8
17,2008,0.469298245614035,28.102096181418,14,-1.185,1504
17,2009,0.302631578947368,28.5093542089097,11.4444444444444,-0.48,734.6
17,2010,0.890350877192982,28.7904832166061,13.4444444444444,-3.05833333333333,1146.4
17,2011,0.149122807017544,29.226451030331,15,-3.00166666666667,1431.9
17,2012,0.171052631578947,27.7733864258338,18.1111111111111,-1.09333333333333,1543.9
17,2013,0.206140350877193,28.3970962053994,12.7222222222222,-0.0525,993.2
17,2014,0.570175438596491,29.0104832686329,14.9444444444444,0.15,622.6
17,2015,0.574561403508772,28.9682251843505,13.9444444444444,-0.73,743.6
